calib_segment,lra,n_downturn_obs,downturn_observed,fallback_portfolio_ratio,downturn_ccf,downturn_addon
CORP_RCF/U1_lt50,0.4679481215259661,192,0.5657063401566799,0,0.5657063401566799,0.09775821863071377
CORP_RCF/U2_50_95,0.2693653226734745,84,0.35440358674952543,0,0.35440358674952543,0.08503826407605092
CORP_RCF/U3_ge95,0.32916013577132747,59,0.5587385365632913,0,0.5587385365632913,0.22957840079196384
RET_CARD/U1_lt50,0.5367099568287949,166,0.6450644201385501,0,0.6450644201385501,0.10835446330975529
RET_CARD/U2_50_95,0.23457025329244136,376,0.34014800329436623,0,0.34014800329436623,0.10557775000192487
RET_CARD/U3_ge95,0.3712693600513989,131,0.6066926344192227,0,0.6066926344192227,0.23542327436782384
RET_OVD/U1_lt50,0.5471994477602593,262,0.6334694558768649,0,0.6334694558768649,0.08627000811660557
RET_OVD/U2_50_95,0.27596335818451917,353,0.3522392885398994,0,0.3522392885398994,0.07627593035538022
RET_OVD/U3_ge95,0.29189881835947323,124,0.41541275375123865,0,0.41541275375123865,0.12351393539176542
SME_CRL/U1_lt50,0.4870316178781468,196,0.5614706400368636,0,0.5614706400368636,0.07443902215871684
SME_CRL/U2_50_95,0.2567661166622472,167,0.36560638250765026,0,0.36560638250765026,0.10884026584540307
SME_CRL/U3_ge95,0.3988472980232684,84,0.6720694877290978,0,0.6720694877290978,0.2732221897058294
