variable,mae_increase,std
utilisation,0.025782879289925002,0.0024964694173558
grade,0.01805130563074945,0.0019422567747519254
arrears_6m,0.007097537139111437,0.0012297595252182133
log_limit,0.002290833465312886,0.0010881766737077284
log_mob,0.001085178757787919,0.0006356324702435888
prod_RET_CARD,0.00020798320161888317,0.00013624852437225528
prod_CORP_RCF,9.214957501524901e-05,0.00011087821517722228
grade_missing,-8.232295529702061e-05,0.0002518875765330006
prod_SME_CRL,-0.00020533713507689955,0.00014360479109204314
