calib_segment,n_facilities,lra_facility_weighted,n_years,lra_yearly_average,difference
CORP_RCF/U1_lt50,654,0.47615312947769317,15,0.4621938866219285,0.013959242855764664
CORP_RCF/U2_50_95,285,0.34685716155915064,15,0.337029226649836,0.009827934909314662
CORP_RCF/U3_ge95,224,0.32916013577132747,15,0.3155259262823511,0.013634209488976368
RET_CARD/U1_lt50,553,0.5506382184058373,15,0.53904165854907,0.011596559856767219
RET_CARD/U2_50_95,1378,0.36937863487540873,15,0.3608559449432321,0.008522689932176641
RET_CARD/U3_ge95,424,0.3712693600513989,15,0.3377592935232688,0.0335100665281301
RET_OVD/U1_lt50,996,0.5636168864198191,15,0.5610341376984916,0.002582748721327466
RET_OVD/U2_50_95,1363,0.40545791641025575,15,0.40090415153950226,0.004553764870753485
RET_OVD/U3_ge95,514,0.29189881835947323,15,0.2867440764272316,0.0051547419322416355
SME_CRL/U1_lt50,711,0.5013859274977076,15,0.49493513452391646,0.006450792973791142
SME_CRL/U2_50_95,608,0.3608533511810965,15,0.3515159578842153,0.009337393296881213
SME_CRL/U3_ge95,290,0.3988472980232684,15,0.3673884797680105,0.031458818255257925
