product,facility_type,n_facilities,sum_limit_ref,sum_drawn_ref,sum_ead_default,mean_ccf_realised
CORP_RCF,FULLY_DRAWN,111,224412060.0,224412060.0,220843107.48,0.3673410742445853
CORP_RCF,ROI,60,101897460.0,99365647.55,99230478.51,0.3286172783655041
CORP_RCF,STANDARD,715,1641119220.0,617878481.4,1082136938.84,0.40837583759917734
RET_CARD,FULLY_DRAWN,232,933750.0,933750.0,934994.6,0.4098583040699624
RET_CARD,ROI,192,815630.0,795616.43,789508.35,0.32464105269563476
RET_CARD,STANDARD,1931,7755130.0,4808412.65,6080522.71,0.32109705601414174
RET_OVD,FULLY_DRAWN,288,845510.0,845510.0,838943.94,0.28351298288229704
RET_OVD,ROI,226,665120.0,647208.93,642075.44,0.30258519277286583
RET_OVD,STANDARD,2359,6973310.0,3739464.96,5276837.97,0.39048270757724374
SME_CRL,FULLY_DRAWN,152,12538420.0,12538420.0,12596802.62,0.4392238432512981
SME_CRL,ROI,138,11449150.0,11160363.97,11133368.09,0.3543745815402213
SME_CRL,STANDARD,1319,109141100.0,52481077.09,77513217.61,0.38088952179075714
