product,facility_type,n,mean,p25,median,p75,share_zero,share_ge_one,share_negative_raw
CORP_RCF,FULLY_DRAWN,111.0,0.3673410742445853,0.0,0.0,0.3029672285796331,0.7027027027027027,0.14414414414414414,0.5225225225225225
CORP_RCF,ROI,60.0,0.32861727836550414,0.0,0.0,0.12172763026195177,0.6833333333333333,0.06666666666666667,0.4166666666666667
CORP_RCF,STANDARD,715.0,0.40837583759917734,0.03257358406149727,0.43068131953384253,0.7345878892198304,0.14405594405594405,0.11328671328671329,0.0937062937062937
RET_CARD,FULLY_DRAWN,232.0,0.4098583040699624,0.0,0.0,0.34118764093840226,0.6336206896551724,0.14655172413793102,0.36637931034482757
RET_CARD,ROI,192.0,0.32464105269563476,0.0,0.0,0.21068774059816225,0.6770833333333334,0.11979166666666667,0.40625
RET_CARD,STANDARD,1931.0,0.32109705601414174,0.0,0.415441433736345,0.736769161957679,0.18953909891248058,0.11496633868461936,0.12377006732263077
RET_OVD,FULLY_DRAWN,288.0,0.28351298288229704,0.0,0.0,0.23416953222268344,0.6909722222222222,0.11805555555555555,0.4340277777777778
RET_OVD,ROI,226.0,0.3025851927728659,0.0,0.0,0.23061728395061787,0.6769911504424779,0.11504424778761062,0.4247787610619469
RET_OVD,STANDARD,2359.0,0.39048270757724374,0.0,0.5029668653819491,0.8203878442817963,0.15938957185247987,0.13141161509114033,0.13480288257736328
SME_CRL,FULLY_DRAWN,152.0,0.4392238432512981,0.0,0.0,0.5005455491014552,0.631578947368421,0.1513157894736842,0.3881578947368421
SME_CRL,ROI,138.0,0.3543745815402213,0.0,0.0,0.4002818489289729,0.6159420289855072,0.10869565217391304,0.35507246376811596
SME_CRL,STANDARD,1319.0,0.3808895217907571,0.0,0.4333023414818594,0.7379868429309248,0.15314632297194844,0.11296436694465505,0.12585291887793784
