variable,coefficient,robust_se,z_value,p_value
intercept,-0.7080268663335803,0.26266780608875095,-2.6955220621683273,0.007027842360025183
utilisation,-1.834910141492893,0.0889344608536324,-20.63216130036222,0.0
log_limit,0.029164234778695314,0.027848104596795067,1.0472610326970588,0.2949792030353411
grade_missing,0.2648129252095955,0.1335045832451332,1.9835493192272036,0.04730610382478839
grade,0.14461470904332127,0.008037462761291638,17.992582154132602,0.0
arrears_6m,0.506056532249344,0.04163249888542715,12.15532446519759,0.0
log_mob,-0.025051212485018386,0.027960098977617902,-0.8959629400837213,0.3702725567228784
prod_RET_CARD,-0.07588242369218583,0.04809688233404709,-1.577699426860143,0.11463467803751515
prod_SME_CRL,-0.3580750276101798,0.10232060836754342,-3.499539665791929,0.0004660622570333839
prod_CORP_RCF,-0.6505647538022089,0.1905113332960046,-3.4148349210878814,0.0006382067797683355
