comparison,group,segment_a,segment_b,n_a,n_b,mean_a,mean_b,t_stat,p_value,result
band within product,CORP_RCF,CORP_RCF/U1_lt50,CORP_RCF/U2_50_95,497,218,0.47509055905997055,0.2562785139018644,5.889862503769494,9.533849356776603e-09,different
band within product,CORP_RCF,CORP_RCF/U2_50_95,CORP_RCF/U3_ge95,218,171,0.2562785139018644,0.3537537774449077,-1.3473715935455992,0.1790396704976289,NOT different
band within product,RET_CARD,RET_CARD/U1_lt50,RET_CARD/U2_50_95,553,1378,0.536709956828795,0.23457025329244138,12.974980721419955,1.1209038835948429e-36,different
band within product,RET_CARD,RET_CARD/U2_50_95,RET_CARD/U3_ge95,1378,424,0.23457025329244138,0.3712693600513989,-3.1875667097145137,0.001512000783801258,different
band within product,RET_OVD,RET_OVD/U1_lt50,RET_OVD/U2_50_95,996,1363,0.5471994477602593,0.27596335818451917,12.919454945848008,6.224978318309295e-37,different
band within product,RET_OVD,RET_OVD/U2_50_95,RET_OVD/U3_ge95,1363,514,0.27596335818451917,0.29189881835947323,-0.48951349683932593,0.6245983536962699,NOT different
band within product,SME_CRL,SME_CRL/U1_lt50,SME_CRL/U2_50_95,711,608,0.4870316178781468,0.2567661166622472,8.684434110175323,1.3820610562911887e-17,different
band within product,SME_CRL,SME_CRL/U2_50_95,SME_CRL/U3_ge95,608,290,0.2567661166622472,0.3988472980232684,-2.5961632864039705,0.009770058874063738,different
product within band,U1_lt50,CORP_RCF/U1_lt50,RET_CARD/U1_lt50,497,553,0.47509055905997055,0.536709956828795,-2.6479305934880606,0.00822083041773403,different
product within band,U1_lt50,CORP_RCF/U1_lt50,RET_OVD/U1_lt50,497,996,0.47509055905997055,0.5471994477602593,-3.432567256059649,0.0006205632430134029,different
product within band,U1_lt50,CORP_RCF/U1_lt50,SME_CRL/U1_lt50,497,711,0.47509055905997055,0.4870316178781468,-0.538925523186947,0.5900468589975272,NOT different
product within band,U1_lt50,RET_CARD/U1_lt50,RET_OVD/U1_lt50,553,996,0.536709956828795,0.5471994477602593,-0.5043984690560661,0.6140742269200943,NOT different
product within band,U1_lt50,RET_CARD/U1_lt50,SME_CRL/U1_lt50,553,711,0.536709956828795,0.4870316178781468,2.2625296795168617,0.023843239675660148,different
product within band,U1_lt50,RET_OVD/U1_lt50,SME_CRL/U1_lt50,996,711,0.5471994477602593,0.4870316178781468,3.078913298312147,0.002113731612039552,different
product within band,U2_50_95,CORP_RCF/U2_50_95,RET_CARD/U2_50_95,218,1378,0.2562785139018644,0.23457025329244138,0.5841777847160244,0.5594931696978461,NOT different
product within band,U2_50_95,CORP_RCF/U2_50_95,RET_OVD/U2_50_95,218,1363,0.2562785139018644,0.27596335818451917,-0.5299697491170691,0.5964840002772651,NOT different
product within band,U2_50_95,CORP_RCF/U2_50_95,SME_CRL/U2_50_95,218,608,0.2562785139018644,0.2567661166622472,-0.012219660254916727,0.9902561487825873,NOT different
product within band,U2_50_95,RET_CARD/U2_50_95,RET_OVD/U2_50_95,1378,1363,0.23457025329244138,0.27596335818451917,-1.7641382566616803,0.07782016048532962,NOT different
product within band,U2_50_95,RET_CARD/U2_50_95,SME_CRL/U2_50_95,1378,608,0.23457025329244138,0.2567661166622472,-0.8034519413563078,0.42185992136127376,NOT different
product within band,U2_50_95,RET_OVD/U2_50_95,SME_CRL/U2_50_95,1363,608,0.27596335818451917,0.2567661166622472,0.6954838533955005,0.486876425454456,NOT different
product within band,U3_ge95,CORP_RCF/U3_ge95,RET_CARD/U3_ge95,171,424,0.3537537774449077,0.3712693600513989,-0.2321625007794034,0.8165672450942539,NOT different
product within band,U3_ge95,CORP_RCF/U3_ge95,RET_OVD/U3_ge95,171,514,0.3537537774449077,0.29189881835947323,0.882393661957442,0.3784544986171919,NOT different
product within band,U3_ge95,CORP_RCF/U3_ge95,SME_CRL/U3_ge95,171,290,0.3537537774449077,0.3988472980232684,-0.5535307189240207,0.5802427947202989,NOT different
product within band,U3_ge95,RET_CARD/U3_ge95,RET_OVD/U3_ge95,424,514,0.3712693600513989,0.29189881835947323,1.637871168523248,0.10184666460504288,NOT different
product within band,U3_ge95,RET_CARD/U3_ge95,SME_CRL/U3_ge95,424,290,0.3712693600513989,0.3988472980232684,-0.4322241738059524,0.6657333136686948,NOT different
product within band,U3_ge95,RET_OVD/U3_ge95,SME_CRL/U3_ge95,514,290,0.29189881835947323,0.3988472980232684,-1.8637354733148908,0.06297929871771027,NOT different
