product,default_year,n_facilities,mean_ccf
ALL,2010,440,0.33364271377603333
ALL,2011,516,0.35497235049033193
ALL,2012,691,0.46690141922524975
ALL,2013,697,0.49360312286105995
ALL,2014,461,0.3179969827514172
ALL,2015,472,0.32222704162871496
ALL,2016,446,0.3570444632966864
ALL,2017,478,0.33017821765659316
ALL,2018,440,0.34959198153132115
ALL,2019,456,0.3811702226009945
ALL,2020,693,0.49993445252811214
ALL,2021,461,0.3333949794105712
ALL,2022,437,0.3327529159919756
ALL,2023,445,0.3134493303173248
ALL,2024,454,0.29745876918000297
CORP_RCF,2010,69,0.32529488596337064
CORP_RCF,2011,87,0.3536254124274762
CORP_RCF,2012,104,0.5135510223896421
CORP_RCF,2013,115,0.4635127366149724
CORP_RCF,2014,67,0.2933810710978373
CORP_RCF,2015,70,0.25129613056308553
CORP_RCF,2016,66,0.39729943726429073
CORP_RCF,2017,80,0.3180756891122246
CORP_RCF,2018,53,0.43805980552320184
CORP_RCF,2019,77,0.3723450924688464
CORP_RCF,2020,103,0.44343095364867585
CORP_RCF,2021,53,0.31623838874480015
CORP_RCF,2022,48,0.3515071154556213
CORP_RCF,2023,75,0.367753890854539
CORP_RCF,2024,69,0.37427185274935454
RET_CARD,2010,19,0.2045416091911151
RET_CARD,2011,31,0.3549297701459103
RET_CARD,2012,32,0.3922748344313327
RET_CARD,2013,50,0.33248778434285015
RET_CARD,2014,18,0.42188062406642435
RET_CARD,2015,17,0.13307758164726455
RET_CARD,2016,27,0.30182167142222954
RET_CARD,2017,27,0.29511753113496303
RET_CARD,2018,21,0.5981308574985226
RET_CARD,2019,30,0.30555729690875444
RET_CARD,2020,38,0.41635676081124906
RET_CARD,2021,29,0.42781156194992165
RET_CARD,2022,25,0.33495785788515137
RET_CARD,2023,17,0.013561965305481842
RET_CARD,2024,25,0.2818503400797629
RET_OVD,2010,217,0.3508401251453713
RET_OVD,2011,237,0.3490012324826424
RET_OVD,2012,326,0.45357079333824496
RET_OVD,2013,318,0.5240026442725467
RET_OVD,2014,233,0.28282993434748427
RET_OVD,2015,240,0.3711575374358269
RET_OVD,2016,213,0.3512683992438886
RET_OVD,2017,221,0.33820596754295473
RET_OVD,2018,208,0.318347213420122
RET_OVD,2019,213,0.42159547361059396
RET_OVD,2020,317,0.4360019929927209
RET_OVD,2021,232,0.3257521651089043
RET_OVD,2022,222,0.32562267667945716
RET_OVD,2023,224,0.2729746288268638
RET_OVD,2024,234,0.24393585015569672
SME_CRL,2010,135,0.32843591999115085
SME_CRL,2011,161,0.36449818011746193
SME_CRL,2012,229,0.4751209651792765
SME_CRL,2013,214,0.5022438403160028
SME_CRL,2014,143,0.37375420523558583
SME_CRL,2015,145,0.29765728714990003
SME_CRL,2016,140,0.3575050971680747
SME_CRL,2017,150,0.33111627162157703
SME_CRL,2018,158,0.3280147707734004
SME_CRL,2019,136,0.33953304852671456
SME_CRL,2020,235,0.6244553135602049
SME_CRL,2021,147,0.3330164170271117
SME_CRL,2022,142,0.33717254983560024
SME_CRL,2023,129,0.39167860395122817
SME_CRL,2024,126,0.3578910788062602
